발생년,발생년월일시,발생시,주야,요일,사망자수,부상자수,중상자수,경상자수,부상신고자수,발생지시도,발생지시군구,사고유형_대분류,사고유형_중분류,사고유형,가해자법규위반,도로형태_대분류,도로형태,가해자_당사자종별,피해자_당사자종별,발생위치X_UTMK,발생위치Y_UTMK,경도,위도, 어린이사고 여부*
2016,2016032217,17,주,화,1,0,0,0,0,경기,고양시,차대차,기타,기타,안전운전 의무 불이행,단일로,횡단보도상,승합차,자전거,933767,1964866,126.748863,37.68094016,○
2016,2016032617,17,주,토,1,0,0,0,0,경북,구미시,차대사람,횡단중,횡단중,안전운전 의무 불이행,교차로,교차로부근,화물차,보행자,1076761,1796474,128.3534349,36.16231377,○
2016,2016041119,19,야,월,1,0,0,0,0,경기,안양시,차대차,추돌,진행중 추돌,중앙선 침범,단일로,기타,승용차,자전거,947753,1932396,126.9097781,37.38918734,○
2016,2016041416,16,주,목,1,1,0,1,0,경북,구미시,차대사람,횡단중,횡단중,기타,단일로,기타단일로,승용차,보행자,1077286,1788457,128.358484,36.09000087,○
2016,2016041517,17,주,금,1,5,1,4,0,충남,천안시,차대차,측면충돌,측면충돌,안전운전 의무 불이행,단일로,기타단일로,화물차,승용차,965784,1853710,127.1170431,36.68073944,○
2016,2016042422,22,야,일,1,4,2,2,0,충남,서산시,차대차,정면충돌,정면충돌,중앙선 침범,단일로,기타단일로,승용차,승용차,905034,1864009,126.4359011,36.7694401,○
2016,2016042917,17,주,금,1,0,0,0,0,제주,서귀포시,차대사람,기타,기타,안전운전 의무 불이행,교차로,교차로내,승합차,보행자,912707,1473965,126.5628717,33.25348192,○
2016,2016050217,17,주,월,1,0,0,0,0,경북,영주시,차대사람,횡단중,횡단중,안전운전 의무 불이행,단일로,기타단일로,승용차,보행자,1099838,1868387,128.6192546,36.80839838,○
2016,2016050606,6,주,금,1,0,0,0,0,강원,횡성군,차대사람,기타,기타,안전운전 의무 불이행,기타/불명,기타,화물차,보행자,1047222,1951716,128.0346973,37.56359419,○
2016,2016050711,11,주,토,1,3,2,1,0,경남,김해시,차대차,기타,기타,과속,단일로,기타단일로,화물차,승용차,1134815,1697744,128.9821566,35.26609016,○
2016,2016050711,11,주,토,1,10,3,7,0,충남,논산시,차대차,추돌,진행중 추돌,안전운전 의무 불이행,기타/불명,기타,승용차,승용차,962246.2,1789613.5,127.0805636,36.10276861,○
2016,2016050712,12,주,토,1,4,0,4,0,강원,원주시,차대차,정면충돌,정면충돌,안전운전 의무 불이행,교차로,교차로내,승용차,승용차,1036864,1924026,127.9160323,37.31448272,○
2016,2016051321,21,야,금,1,0,0,0,0,서울,관악구,차대사람,기타,기타,안전운전 의무 불이행,교차로,교차로부근,승용차,보행자,952786,1942059,126.9660139,37.47655371,○
2016,2016052009,9,주,금,1,4,0,4,0,전남,해남군,차대차,추돌,진행중 추돌,안전운전 의무 불이행,단일로,기타단일로,이륜차,승용차,921953,1620266,126.6491082,34.57354188,○
2016,2016052816,16,주,토,1,1,1,0,0,충남,천안시,차대차,측면충돌,측면충돌,안전운전 의무 불이행,교차로,교차로내,승용차,이륜차,970640,1861824,127.1710805,36.75404718,○
2016,2016052917,17,주,일,1,0,0,0,0,서울,관악구,차대사람,차도통행중,차도통행중,기타,교차로,교차로부근,승합차,보행자,948757,1941794,126.9204668,37.47395048,○
2016,2016060611,11,주,월,1,6,1,5,0,대구,북구,차대차,추돌,진행중 추돌,안전운전 의무 불이행,단일로,기타단일로,승용차,승합차,1093423,1771569,128.5357141,35.93634688,○
2016,2016060917,17,주,목,1,8,4,4,0,경남,창원시(통합),차대차,기타,기타,신호위반,교차로,교차로부근,승용차,승용차,1096791,1691115,128.5634169,35.21072507,○
2016,2016061022,22,야,금,3,2,1,1,0,인천,서구,차대차,기타,기타,과속,교차로,교차로부근,승용차,승용차,923316,1949227,126.6319914,37.53917992,○
2016,2016061215,15,주,일,1,6,2,2,2,서울,영등포구,차대차,측면충돌,측면충돌,신호위반,단일로,기타단일로,승용차,승용차,949936,1946922,126.933451,37.52023497,○
2016,2016061817,17,주,토,1,0,0,0,0,경남,창원시(통합),차대사람,횡단중,횡단중,신호위반,단일로,횡단보도상,건설기계,보행자,1099305,1692587,128.5912108,35.22375012,○
2016,2016070117,17,주,금,1,0,0,0,0,전남,보성군,차량단독,기타,기타,기타,교차로,교차로내,화물차,없음,986349,1650189,127.3506815,34.84625781,○
2016,2016070118,18,야,금,1,4,3,0,1,경기,용인시,차대사람,기타,기타,과속,교차로,교차로부근,승용차,보행자,974134,1915473,127.2083825,37.23775817,○
2016,2016070618,18,야,수,1,0,0,0,0,부산,해운대구,차대사람,길가장자리구역통행중,길가장자리구역통행중,안전운전 의무 불이행,단일로,기타단일로,승용차,보행자,1155124.3,1688613.2,129.2036335,35.18085261,○
2016,2016071117,17,주,월,2,6,5,1,0,강원,정선군,차대차,정면충돌,정면충돌,중앙선 침범,단일로,기타단일로,화물차,승용차,1101302,1937506,128.6450087,37.43117481,○
2016,2016071520,20,야,금,1,6,6,0,0,경기,안산시,차대차,정면충돌,정면충돌,중앙선 침범,단일로,기타단일로,화물차,승용차,942918,1920804,126.8560539,37.28441942,○
2016,2016071710,10,주,일,2,3,1,2,0,경기,고양시,차대차,추돌,진행중 추돌,안전운전 의무 불이행,단일로,기타단일로,승용차,승용차,943294,1953518,126.8577811,37.57930042,○
2016,2016071717,17,주,일,4,39,13,26,0,강원,평창군,차대차,추돌,진행중 추돌,안전운전 의무 불이행,단일로,기타,승합차,승용차,1078903,1953071,128.3935369,37.57363661,○
2016,2016072315,15,주,토,1,1,1,0,0,강원,강릉시,차량단독,기타,기타,안전운전 의무 불이행,교차로,교차로부근,승용차,없음,1116888,1976413,128.8273522,37.77993188,○
2016,2016072419,19,야,일,1,0,0,0,0,경북,구미시,차대사람,횡단중,횡단중,안전운전 의무 불이행,단일로,기타단일로,승용차,보행자,1084424,1788886,128.4378088,36.09327393,○
2016,2016073117,17,주,일,3,22,13,8,1,부산,해운대구,차대차,추돌,진행중 추돌,신호위반,교차로,교차로내,승용차,승용차,1152447,1687587,129.174052,35.1720131,○
2016,2016080212,12,주,화,4,1,1,0,0,부산,남구,차대차,추돌,진행중 추돌,안전운전 의무 불이행,교차로,교차로부근,승용차,특수차,1144335,1680622,129.0837867,35.11043039,○
2016,2016080502,2,야,금,1,1,0,1,0,전북,전주시,차대차,기타,기타,안전거리 미확보,단일로,기타단일로,화물차,승용차,961304.3,1763563.7,127.0713717,35.86787402,○
2016,2016080910,10,주,화,1,12,7,5,0,충북,충주시,차대차,추돌,진행중 추돌,과속,단일로,기타단일로,화물차,승용차,1022084,1893741.6,127.7483379,37.04196579,○
2016,2016080916,16,주,화,1,8,6,2,0,전남,순천시,차대차,기타,기타,신호위반,교차로,교차로내,승용차,화물차,992885,1677145,127.4219438,35.08939978,○
2016,2016081323,23,야,토,1,3,2,1,0,경기,여주시,차대차,추돌,진행중 추돌,안전운전 의무 불이행,단일로,기타,승용차,승용차,1021039,1916160,127.737217,37.24407228,○
2016,2016081620,20,야,화,1,9,2,7,0,경기,광주시,차대차,추돌,진행중 추돌,안전운전 의무 불이행,단일로,기타단일로,승용차,승용차,983650,1931769,127.3153078,37.3848644,○
2016,2016082510,10,주,목,1,0,0,0,0,경기,성남시,차대사람,횡단중,횡단중,과속,교차로,교차로부근,승합차,보행자,968357,1938865,127.1422538,37.44842907,○
2016,2016083019,19,야,화,1,0,0,0,0,전남,여수시,차대차,추돌,진행중 추돌,안전운전 의무 불이행,단일로,기타단일로,승합차,자전거,1011130,1636927,127.6215675,34.72669528,○
2016,2016090415,15,주,일,3,3,1,2,0,충남,아산시,차대차,정면충돌,정면충돌,중앙선 침범,단일로,기타단일로,승용차,승합차,949466,1869598,126.9333612,36.82323232,○
2016,2016090601,1,야,화,2,0,0,0,0,부산,사상구,차대차,추돌,진행중 추돌,안전운전 의무 불이행,단일로,기타단일로,화물차,화물차,1134488.5,1688786.5,128.9771038,35.18539031,○
2016,2016090908,8,주,금,1,2,0,2,0,전남,순천시,차대차,측면충돌,측면충돌,신호위반,교차로,교차로내,승용차,승용차,992888,1677145,127.4219767,35.0893998,○
2016,2016090920,20,야,금,1,0,0,0,0,부산,사하구,차대사람,길가장자리구역통행중,길가장자리구역통행중,안전운전 의무 불이행,단일로,기타단일로,승용차,보행자,1131867.8,1680135.7,128.9469474,35.10775668,○
2016,2016091200,0,야,월,1,2,1,1,0,대전,동구,차대차,정면충돌,정면충돌,중앙선 침범,단일로,기타단일로,화물차,승용차,996664,1810714,127.4628476,36.29373158,○
2016,2016091615,15,주,금,1,4,2,0,2,전남,담양군,차대차,측면충돌,측면충돌,중앙선 침범,교차로,교차로부근,승용차,승용차,949200,1701036,126.9412293,35.30356274,○
2016,2016091800,0,야,일,2,2,2,0,0,경기,안산시,차대사람,횡단중,횡단중,과속,교차로,교차로내,승용차,보행자,939296,1923741,126.8149564,37.31066225,○
2016,2016091917,17,주,월,1,0,0,0,0,광주,광산구,차대사람,횡단중,횡단중,보행자 보호의무 위반,교차로,교차로부근,승합차,보행자,939361,1688218,126.8339577,35.18744128,○
2016,2016092217,17,주,목,1,0,0,0,0,서울,서초구,차대사람,기타,기타,안전운전 의무 불이행,단일로,기타단일로,승합차,보행자,957592,1943543,127.020282,37.4901627,○
2016,2016093017,17,주,금,2,1,0,1,0,전북,전주시,차대사람,횡단중,횡단중,보행자 보호의무 위반,교차로,교차로내,특수차,보행자,960869,1764272,127.0665153,35.87424267,○
2016,2016100217,17,주,일,3,2,2,0,0,충남,부여군,차대차,측면충돌,측면충돌,중앙선 침범,단일로,기타단일로,화물차,승용차,927213,1810860,126.689407,36.29230596,○
2016,2016101512,12,주,토,1,0,0,0,0,대전,서구,차대사람,횡단중,횡단중,안전운전 의무 불이행,단일로,기타단일로,승용차,보행자,990396,1815981,127.3929771,36.34117389,○
2016,2016101813,13,주,화,1,0,0,0,0,전북,진안군,차대사람,횡단중,횡단중,안전운전 의무 불이행,단일로,기타단일로,화물차,보행자,988335,1748494,127.3710064,35.73269741,○
2016,2016102515,15,주,화,1,0,0,0,0,부산,강서구,차대사람,횡단중,횡단중,신호위반,단일로,횡단보도상,승합차,보행자,1129402.9,1678769.1,128.9196946,35.09575722,○
2016,2016102820,20,야,금,1,0,0,0,0,서울,중랑구,차대사람,횡단중,횡단중,보행자 보호의무 위반,교차로,교차로부근,승용차,보행자,962884,1955045,127.0795616,37.59406226,○
2016,2016110919,19,야,수,1,0,0,0,0,경기,포천시,차대사람,기타,기타,안전운전 의무 불이행,단일로,기타단일로,승용차,보행자,968730,1980725,127.1446786,37.82573782,○
2016,2016112408,8,주,목,1,0,0,0,0,경남,창원시(통합),차대사람,횡단중,횡단중,안전운전 의무 불이행,교차로,교차로내,승용차,보행자,1103804,1695291,128.6409808,35.2476718,○
2016,2016112621,21,야,토,3,0,0,0,0,경북,안동시,차량단독,전도전복,전도전복,안전운전 의무 불이행,단일로,횡단보도상,승용차,없음,1125277,1828257,128.8978269,36.44370933,○
2016,2016112908,8,주,화,1,1,0,1,0,인천,남동구,차대사람,기타,기타,기타,단일로,횡단보도상,화물차,보행자,929149,1941164,126.6987877,37.46697674,○
2016,2016120218,18,야,금,1,0,0,0,0,인천,서구,차대사람,횡단중,횡단중,신호위반,단일로,기타단일로,승용차,보행자,924705,1946013,126.6480418,37.51032785,○
2016,2016120310,10,주,토,1,1,1,0,0,경남,거제시,차대사람,보도통행중,보도통행중,안전운전 의무 불이행,단일로,기타단일로,승용차,보행자,1111133.687,1661570.159,128.7170045,34.94288359,○
2016,2016120616,16,주,화,1,2,1,1,0,전북,남원시,차대차,정면충돌,정면충돌,중앙선 침범,단일로,기타단일로,승용차,화물차,987003,1712126,127.3568613,35.40476633,○
2016,2016121012,12,주,토,1,2,2,0,0,경기,안산시,차대사람,횡단중,횡단중,신호위반,단일로,횡단보도상,승합차,보행자,941985,1924586,126.8452338,37.3184503,○
2016,2016121113,13,주,일,1,1,0,0,1,경기,용인시,차대사람,보도통행중,보도통행중,안전운전 의무 불이행,단일로,기타단일로,승용차,보행자,966268,1924843,127.1192763,37.32196593,○
2016,2016122118,18,야,수,1,11,0,8,3,경기,군포시,차대사람,기타,기타,신호위반,교차로,교차로내,승합차,보행자,949447,1929187,126.9291332,37.36035727,○
2016,2016122510,10,주,일,1,0,0,0,0,서울,관악구,차대사람,기타,기타,안전운전 의무 불이행,교차로,교차로부근,승용차,보행자,947130,1942649,126.9020057,37.4815651,○
2017,2017010109,9,주,일,1,4,3,1,0,광주,북구,차량단독,도로이탈,도로이탈 추락,안전운전 의무 불이행,단일로,기타,화물차,없음,942432,1692541,126.8673846,35.22660076,○
2017,2017010120,20,야,일,1,6,4,2,0,충남,공주시,차대차,기타,기타,안전운전 의무 불이행,단일로,기타단일로,승용차,승용차,962530,1823895,127.0820735,36.41183818,○
2017,2017010614,14,주,금,1,0,0,0,0,경기,시흥시,차대차,측면충돌,측면충돌,교차로 통행방법 위반,교차로,교차로내,승용차,자전거,936715,1941015,126.7843534,37.46618294,○
2017,2017012005,5,야,금,1,4,1,3,0,충남,서산시,차대차,측면충돌,측면충돌,안전운전 의무 불이행,단일로,기타단일로,화물차,화물차,917611,1868766,126.5762945,36.81349462,○
2017,2017012516,16,주,수,1,0,0,0,0,전남,함평군,차대사람,기타,기타,기타,단일로,기타단일로,승합차,보행자,910326,1674753,126.5165408,35.06386837,○
2017,2017012706,6,주,금,1,3,0,3,0,전북,순창군,차량단독,전도,전도,안전운전 의무 불이행,단일로,기타단일로,승용차,없음,970819,1714895,127.1785262,35.4293908,○
2017,2017013016,16,주,월,1,6,5,1,0,충남,공주시,차대차,측면충돌,측면충돌,신호위반,교차로,교차로내,승용차,승용차,959482,1829470,127.0477867,36.46197301,○
2017,2017021010,10,주,금,1,0,0,0,0,경기,동두천시,차대사람,기타,기타,안전운전 의무 불이행,단일로,기타단일로,승합차,보행자,961481,1989021,127.0618676,37.90023112,○
2017,2017021413,13,주,화,1,1,1,0,0,경북,경주시,차대사람,횡단중,횡단중,안전운전 의무 불이행,단일로,기타단일로,화물차,보행자,1154468,1765152,129.2110131,35.87077183,○
2017,2017022517,17,주,토,1,0,0,0,0,경남,사천시,차대사람,횡단중,횡단중,안전운전 의무 불이행,단일로,기타단일로,승용차,보행자,1052978,1660357,128.0801201,34.93665539,○
2017,2017030414,14,주,토,1,0,0,0,0,부산,금정구,차대차,기타,기타,안전운전 의무 불이행,단일로,기타단일로,자전거,화물차,1144627,1693505.7,129.0892482,35.22651851,○
2017,2017030908,8,주,목,1,1,1,0,0,강원,춘천시,차대사람,횡단중,횡단중,안전운전 의무 불이행,단일로,기타단일로,승용차,보행자,1019904.7,1987666.8,127.7263698,37.88862339,○
2017,2017031020,20,야,금,1,0,0,0,0,경북,안동시,차대사람,길가장자리구역통행중,길가장자리구역통행중,안전운전 의무 불이행,단일로,기타단일로,승용차,보행자,1115081,1840059,128.7858458,36.55135764,○
2017,2017031816,16,주,토,1,10,4,6,0,충북,충주시,차대차,추돌,추돌,안전운전 의무 불이행,단일로,기타,화물차,화물차,1033785,1880333,127.8793148,36.92074883,○
2017,2017032418,18,야,금,1,0,0,0,0,광주,광산구,차대사람,횡단중,횡단중,안전운전 의무 불이행,교차로,교차로부근,승용차,보행자,936501.7,1682974.5,126.8029575,35.13998634,○
2017,2017032516,16,주,토,1,3,3,0,0,경북,봉화군,차량단독,공작물충돌,공작물충돌,안전운전 의무 불이행,기타,기타,승합차,없음,1127719,1880752,128.9338221,36.91647754,○
2017,2017040408,8,주,화,1,0,0,0,0,경기,시흥시,차대사람,기타,기타,과속,단일로,기타단일로,화물차,보행자,933758.2,1926982.8,126.7521776,37.33950288,○
2017,2017041015,15,주,월,1,0,0,0,0,전남,순천시,차대사람,횡단중,횡단중,안전운전 의무 불이행,교차로,교차로부근,승용차,보행자,998915,1661048,127.4881179,34.94427097,○
2017,2017041600,0,야,일,3,1,1,0,0,경기,화성시,차대사람,길가장자리구역통행중,길가장자리구역통행중,안전운전 의무 불이행,단일로,기타단일로,화물차,보행자,931961,1912794,126.7331884,37.21148642,○
2017,2017041611,11,주,일,1,26,8,17,1,울산,남구,차대차,측면충돌,측면충돌,안전운전 의무 불이행,단일로,기타단일로,승합차,승용차,1160678,1729618,129.272664,35.54953889,○
2017,2017041917,17,주,수,1,0,0,0,0,전남,여수시,차대사람,길가장자리구역통행중,길가장자리구역통행중,안전운전 의무 불이행,단일로,기타단일로,승용차,보행자,1014261.3,1640683.3,127.6558327,34.76052987,○
2017,2017042914,14,주,토,2,3,0,3,0,전남,나주시,차대차,측면충돌,측면충돌,교차로 통행방법 위반,교차로,교차로내,승용차,건설기계,940954.3,1669704.8,126.852778,35.02060813,○
2017,2017042917,17,주,토,1,2,2,0,0,경기,평택시,차량단독,공작물충돌,공작물충돌,안전운전 의무 불이행,교차로,교차로부근,승용차,없음,957532,1895956,127.0223214,37.06122531,○
2017,2017043019,19,야,일,1,0,0,0,0,충남,서산시,차대사람,횡단중,횡단중,기타,단일로,기타단일로,승용차,보행자,913563,1852712,126.5327336,36.66843019,○
2017,2017050121,21,야,월,1,0,0,0,0,광주,북구,차대사람,기타,기타,안전운전 의무 불이행,기타,기타,승용차,보행자,943180.8,1687891.3,126.8759336,35.18471901,○
2017,2017050318,18,야,수,1,0,0,0,0,충남,청양군,차량단독,기타,기타,안전운전 의무 불이행,교차로,교차로내,화물차,없음,947423,1813946,126.9142551,36.32144022,○
2017,2017050511,11,주,금,1,3,0,3,0,경북,경주시,차대차,추돌,추돌,안전운전 의무 불이행,단일로,기타단일로,승합차,승용차,1156860,1761146,129.2367103,35.83428947,○
2017,2017050618,18,야,토,1,2,0,2,0,제주,제주시,차대차,기타,기타,중앙선 침범,단일로,기타단일로,승용차,승용차,908957.1,1500928.2,126.5198961,33.49634006,○
2017,2017050815,15,주,월,1,0,0,0,0,충북,충주시,차대사람,횡단중,횡단중,안전운전 의무 불이행,교차로,교차로부근,화물차,보행자,1039225.1,1884393,127.9406016,36.95713598,○
2017,2017050919,19,야,화,1,1,0,1,0,강원,태백시,차대사람,기타,기타,과속,단일로,기타단일로,승용차,보행자,1132553,1908376,128.9929412,37.16473865,○
2017,2017051215,15,주,금,1,5,0,5,0,대전,서구,차대차,측면충돌,측면충돌,안전운전 의무 불이행,단일로,기타단일로,승용차,승용차,986680,1811685,127.3516412,36.30239935,○
2017,2017051817,17,주,목,1,1,1,0,0,전남,장흥군,차대사람,횡단중,횡단중,안전운전 의무 불이행,교차로,교차로내,승용차,보행자,945979,1631581,126.9103105,34.67711999,○
2017,2017052618,18,야,금,1,4,2,2,0,강원,영월군,차량단독,기타,기타,안전운전 의무 불이행,단일로,기타단일로,승용차,없음,1079631,1910025,128.3971465,37.18561165,○
2017,2017060220,20,야,금,1,2,0,2,0,제주,제주시,차대차,정면충돌,정면충돌,중앙선 침범,단일로,기타단일로,화물차,승용차,886686,1481129,126.2826768,33.31566783,○
2017,2017060414,14,주,일,1,0,0,0,0,경북,상주시,차대사람,차도통행중,차도통행중,안전운전 의무 불이행,단일로,기타단일로,건설기계,보행자,1066029,1831022,128.2370517,36.4745452,○
2017,2017061323,23,야,화,1,2,2,0,0,대구,북구,차대차,추돌,추돌,안전운전 의무 불이행,단일로,기타단일로,승용차,승용차,1094576,1767186,128.5479733,35.89672512,○
2017,2017061513,13,주,목,1,0,0,0,0,광주,북구,차대사람,횡단중,횡단중,보행자 보호의무 위반,단일로,기타단일로,승용차,보행자,946424,1687897,126.9115528,35.1849487,○
2017,2017061515,15,주,목,1,0,0,0,0,충북,청주시,차대사람,횡단중,횡단중,안전운전 의무 불이행,교차로,교차로부근,승합차,보행자,988948,1851819,127.3763285,36.66424379,○
2017,2017061800,0,야,일,1,2,2,0,0,전남,영광군,차량단독,공작물충돌,공작물충돌,안전운전 의무 불이행,단일로,기타단일로,승용차,없음,903889,1710389,126.4417931,35.3845544,○
2017,2017062218,18,야,목,1,0,0,0,0,경기,광명시,차대사람,횡단중,횡단중,안전운전 의무 불이행,단일로,기타단일로,화물차,보행자,945925,1939433,126.8886132,37.45250887,○
2017,2017062319,19,야,금,1,0,0,0,0,서울,강동구,차대사람,횡단중,횡단중,신호위반,교차로,교차로내,화물차,보행자,967765,1950338,127.135058,37.55182032,○
2017,2017062513,13,주,일,1,0,0,0,0,경기,시흥시,차대사람,횡단중,횡단중,안전운전 의무 불이행,단일로,기타단일로,화물차,보행자,934106,1928147,126.7560001,37.35002073,○
2017,2017062819,19,야,수,1,4,1,3,0,충남,예산군,차대차,측면충돌,측면충돌,신호위반,교차로,교차로내,승용차,화물차,934902,1837831,126.7727659,36.53598835,○
2017,2017070721,21,야,금,1,2,0,2,0,경기,성남시,차대차,추돌,추돌,안전운전 의무 불이행,단일로,기타,승용차,승용차,967736,1937231,127.1353046,37.43367943,○
2017,2017070800,0,야,토,1,3,3,0,0,전남,해남군,차량단독,기타,기타,안전운전 의무 불이행,교차로,교차로부근,승용차,없음,893863.9,1634177.7,126.341177,34.69645309,○
2017,2017070807,7,주,토,1,3,1,2,0,전북,남원시,차대차,정면충돌,정면충돌,안전운전 의무 불이행,단일로,기타단일로,승용차,승용차,985994,1704284,127.3458835,35.33404245,○
2017,2017070819,19,야,토,1,0,0,0,0,강원,정선군,차대사람,차도통행중,차도통행중,안전운전 의무 불이행,단일로,기타단일로,승용차,보행자,1108067,1942168,128.722141,37.47242196,○
2017,2017071022,22,야,월,2,1,1,0,0,경기,성남시,차량단독,전도전복,전도전복,안전운전 의무 불이행,단일로,기타단일로,승용차,없음,962381,1932993,127.0749918,37.39527776,○
2017,2017071217,17,주,수,1,0,0,0,0,충북,청주시,차대사람,횡단중,횡단중,보행자 보호의무 위반,교차로,기타,승용차,보행자,993809,1847195,127.4307602,36.62260265,○
2017,2017071407,7,주,금,1,0,0,0,0,대구,수성구,차대사람,횡단중,횡단중,보행자 보호의무 위반,단일로,기타단일로,건설기계,보행자,1101472,1760703,128.6235481,35.83759369,○
2017,2017072212,12,주,토,1,1,0,0,1,인천,옹진군,차량단독,공작물충돌,공작물충돌,안전운전 의무 불이행,교차로,교차로부근,자전거,없음,894639,1917454,126.3119719,37.25001366,○
2017,2017072317,17,주,일,2,2,1,1,0,서울,은평구,차대차,기타,기타,신호위반,교차로,교차로내,이륜차,승용차,949808,1956754,126.9313294,37.60884504,○
2017,2017073001,1,야,일,1,17,6,11,0,충북,충주시,차대차,추돌,추돌,안전운전 의무 불이행,기타,기타,화물차,승용차,1030989,1890156,127.8483269,37.00939254,○
2017,2017080117,17,주,화,1,3,0,3,0,강원,원주시,차대차,정면충돌,정면충돌,중앙선 침범,단일로,기타단일로,승용차,승용차,1043262,1927206,127.9884209,37.34287009,○
2017,2017080311,11,주,목,1,14,2,12,0,전남,신안군,차대차,정면충돌,정면충돌,중앙선 침범,단일로,기타단일로,승용차,승합차,879470,1677147,126.1778632,35.08223482,○
2017,2017090211,11,주,토,1,104,9,68,27,경기,용인시,차대차,기타,기타,안전운전 의무 불이행,단일로,기타단일로,승합차,승합차,966501,1899252,127.1230551,37.09129917,○
2017,2017091017,17,주,일,1,5,3,2,0,광주,동구,차대차,추돌,추돌,안전운전 의무 불이행,교차로,교차로부근,승용차,승용차,947691.9,1683361.2,126.9257656,35.14411742,○
2017,2017091713,13,주,일,1,4,2,1,1,부산,기장군,차대차,정면충돌,정면충돌,과속,교차로,교차로내,화물차,승용차,1154527.2,1697254.1,129.1987009,35.25882632,○
2017,2017092313,13,주,토,1,2,1,1,0,경기,안성시,차대차,정면충돌,정면충돌,중앙선 침범,단일로,기타단일로,화물차,건설기계,978973,1898256,127.2634218,37.08268404,○
2017,2017092415,15,주,일,1,1,1,0,0,전남,완도군,차대사람,기타,기타,안전운전 의무 불이행,교차로,교차로부근,승용차,보행자,914411,1576379,126.571271,34.17720433,○
2017,2017092507,7,주,월,1,2,1,1,0,전북,김제시,차대차,추돌,추돌,안전운전 의무 불이행,단일로,기타단일로,승용차,화물차,958500,1754856,127.0407622,35.78925132,○
2017,2017092716,16,주,수,1,0,0,0,0,경기,김포시,차대사람,기타,기타,신호위반,교차로,교차로내,화물차,보행자,927591,1960794,126.6792326,37.64377443,○
2017,2017093018,18,야,토,1,0,0,0,0,경남,합천군,차대차,측면충돌,측면충돌,신호위반,교차로,교차로내,자전거,승용차,1060759,1730377,128.1704975,35.56755062,○
2017,2017100416,16,주,수,1,3,0,3,0,충남,금산군,차대차,측면충돌,측면충돌,안전운전 의무 불이행,단일로,기타단일로,승용차,승용차,996964,1799203,127.4662333,36.18995425,○
2017,2017100816,16,주,일,1,0,0,0,0,대전,동구,차대사람,기타,기타,안전운전 의무 불이행,교차로,교차로내,화물차,보행자,995336,1817190,127.4480191,36.35211014,○
2017,2017100821,21,야,일,1,0,0,0,0,부산,사상구,차대사람,횡단중,횡단중,신호위반,단일로,기타단일로,승용차,보행자,1137191.5,1684781.7,129.0061162,35.1489251,○
2017,2017100920,20,야,월,1,0,0,0,0,전북,정읍시,차대사람,횡단중,횡단중,안전운전 의무 불이행,교차로,교차로부근,승용차,보행자,932242,1735884,126.7518097,35.61674627,○
2017,2017101319,19,야,금,1,2,1,1,0,충남,공주시,차량단독,공작물충돌,공작물충돌,안전운전 의무 불이행,단일로,기타단일로,승용차,없음,960108,1830341,127.0547283,36.46985131,○
2017,2017101415,15,주,토,1,0,0,0,0,광주,남구,차대사람,기타,기타,안전운전 의무 불이행,단일로,기타단일로,승합차,보행자,945477,1680022,126.901672,35.11389101,○
2017,2017101619,19,야,월,1,1,1,0,0,대전,서구,차대사람,횡단중,횡단중,보행자 보호의무 위반,교차로,기타,승용차,보행자,989393,1814959,127.3818141,36.3319496,○
2017,2017101715,15,주,화,1,12,3,9,0,경기,평택시,차대차,추돌,추돌,안전운전 의무 불이행,단일로,기타단일로,승합차,화물차,968908,1889527,127.1505413,37.00371918,○
2017,2017102022,22,야,금,1,5,3,2,0,광주,동구,차대차,기타,기타,중앙선 침범,단일로,기타,승용차,승용차,947382.8,1682780.2,126.9224095,35.13886255,○
2017,2017102105,5,야,토,1,10,0,0,10,경기,의왕시,차대차,추돌,추돌,안전운전 의무 불이행,단일로,기타단일로,화물차,화물차,951864,1925335,126.9566761,37.32576584,○
2017,2017102116,16,주,토,2,0,0,0,0,경기,구리시,차대차,기타,기타,중앙선 침범,단일로,기타단일로,승용차,승용차,968313,1959008,127.1408867,37.62998508,○
2017,2017110718,18,야,화,1,0,0,0,0,경기,성남시,차대사람,횡단중,횡단중,안전운전 의무 불이행,교차로,교차로부근,승합차,보행자,970372,1939113,127.1650245,37.4507312,○
2017,2017111408,8,주,화,1,0,0,0,0,강원,강릉시,차대사람,횡단중,횡단중,보행자 보호의무 위반,단일로,기타단일로,승용차,보행자,1124042,1973073,128.9079986,37.74889366,○